t0,tf,angulo,delay_real,delay_ideal,jitter
2998895,3003331,90,4436,4166.666666666667,269.33333333333303
3008089,3012521,90,4432,4166.666666666667,265.33333333333303
3015562,3019968,90,4406,4166.666666666667,239.33333333333303
3024756,3029159,90,4403,4166.666666666667,236.33333333333303
3032244,3036651,90,4407,4166.666666666667,240.33333333333303
3041424,3045827,90,4403,4166.666666666667,236.33333333333303
3048902,3053308,90,4406,4166.666666666667,239.33333333333303
3058095,3062497,90,4402,4166.666666666667,235.33333333333303
3065573,3069979,90,4406,4166.666666666667,239.33333333333303
3074770,3079197,90,4427,4166.666666666667,260.33333333333303
3082241,3086676,90,4435,4166.666666666667,268.33333333333303
3091437,3095840,90,4403,4166.666666666667,236.33333333333303
3098922,3103328,90,4406,4166.666666666667,239.33333333333303
3108109,3112511,90,4402,4166.666666666667,235.33333333333303
3115583,3119988,90,4405,4166.666666666667,238.33333333333303
3124775,3129177,90,4402,4166.666666666667,235.33333333333303
3132258,3136665,90,4407,4166.666666666667,240.33333333333303
3141445,3145847,90,4402,4166.666666666667,235.33333333333303
3148926,3153332,90,4406,4166.666666666667,239.33333333333303
3158117,3162518,90,4401,4166.666666666667,234.33333333333303
3165588,3170019,90,4431,4166.666666666667,264.33333333333303
3174790,3179192,90,4402,4166.666666666667,235.33333333333303
3182267,3186672,90,4405,4166.666666666667,238.33333333333303
3191459,3195862,90,4403,4166.666666666667,236.33333333333303
3198943,3203349,90,4406,4166.666666666667,239.33333333333303
3208129,3212531,90,4402,4166.666666666667,235.33333333333303
3215609,3220015,90,4406,4166.666666666667,239.33333333333303
3224800,3229202,90,4402,4166.666666666667,235.33333333333303
3232273,3236680,90,4407,4166.666666666667,240.33333333333303
3241480,3245882,90,4402,4166.666666666667,235.33333333333303
3248944,3253350,90,4406,4166.666666666667,239.33333333333303
3258141,3262542,90,4401,4166.666666666667,234.33333333333303
3265621,3270027,90,4406,4166.666666666667,239.33333333333303
3274814,3279245,90,4431,4166.666666666667,264.33333333333303
3282288,3286693,90,4405,4166.666666666667,238.33333333333303
3291485,3295888,90,4403,4166.666666666667,236.33333333333303
3298957,3303362,90,4405,4166.666666666667,238.33333333333303
3308152,3312554,90,4402,4166.666666666667,235.33333333333303
3315625,3320031,90,4406,4166.666666666667,239.33333333333303
3324822,3329224,90,4402,4166.666666666667,235.33333333333303
3332298,3336705,90,4407,4166.666666666667,240.33333333333303
3341492,3345902,90,4410,4166.666666666667,243.33333333333303
3348972,3353408,90,4436,4166.666666666667,269.33333333333303
3358162,3362564,90,4402,4166.666666666667,235.33333333333303
3365637,3370043,90,4406,4166.666666666667,239.33333333333303
3374835,3379237,90,4402,4166.666666666667,235.33333333333303
3382312,3386719,90,4407,4166.666666666667,240.33333333333303
3391512,3395944,90,4432,4166.666666666667,265.33333333333303
3398984,3403420,90,4436,4166.666666666667,269.33333333333303
3408181,3412583,90,4402,4166.666666666667,235.33333333333303
3415655,3420061,90,4406,4166.666666666667,239.33333333333303
3424848,3429250,90,4402,4166.666666666667,235.33333333333303
3432322,3436729,90,4407,4166.666666666667,240.33333333333303
3441520,3445922,90,4402,4166.666666666667,235.33333333333303
3448993,3453398,90,4405,4166.666666666667,238.33333333333303
3458187,3462598,90,4411,4166.666666666667,244.33333333333303
3465663,3470069,90,4406,4166.666666666667,239.33333333333303
3474866,3479298,90,4432,4166.666666666667,265.33333333333303
3482336,3486772,90,4436,4166.666666666667,269.33333333333303
3491534,3495937,90,4403,4166.666666666667,236.33333333333303
3499012,3503443,90,4431,4166.666666666667,264.33333333333303
3508214,3512646,90,4432,4166.666666666667,265.33333333333303
3515683,3520089,90,4406,4166.666666666667,239.33333333333303
3524879,3529308,90,4429,4166.666666666667,262.33333333333303
3532350,3536756,90,4406,4166.666666666667,239.33333333333303
3541539,3545941,90,4402,4166.666666666667,235.33333333333303
3549027,3553433,90,4406,4166.666666666667,239.33333333333303
3558213,3562614,90,4401,4166.666666666667,234.33333333333303
3565693,3570128,90,4435,4166.666666666667,268.33333333333303
3574893,3579295,90,4402,4166.666666666667,235.33333333333303
3582363,3586770,90,4407,4166.666666666667,240.33333333333303
3591559,3595961,90,4402,4166.666666666667,235.33333333333303
3599031,3603437,90,4406,4166.666666666667,239.33333333333303
3608227,3612628,90,4401,4166.666666666667,234.33333333333303
3615707,3620112,90,4405,4166.666666666667,238.33333333333303
3624898,3629329,90,4431,4166.666666666667,264.33333333333303
3632387,3636824,90,4437,4166.666666666667,270.33333333333303
3641565,3645968,90,4403,4166.666666666667,236.33333333333303
3649048,3653480,90,4432,4166.666666666667,265.33333333333303
3658238,3662640,90,4402,4166.666666666667,235.33333333333303
3665715,3670121,90,4406,4166.666666666667,239.33333333333303
3674914,3679316,90,4402,4166.666666666667,235.33333333333303
3682388,3686795,90,4407,4166.666666666667,240.33333333333303
3691587,3695989,90,4402,4166.666666666667,235.33333333333303
3699058,3703463,90,4405,4166.666666666667,238.33333333333303
3708252,3712654,90,4402,4166.666666666667,235.33333333333303
3715732,3720137,90,4405,4166.666666666667,238.33333333333303
3724923,3729325,90,4402,4166.666666666667,235.33333333333303
3732398,3736805,90,4407,4166.666666666667,240.33333333333303
3741596,3745999,90,4403,4166.666666666667,236.33333333333303
3749077,3753508,90,4431,4166.666666666667,264.33333333333303
3758272,3762674,90,4402,4166.666666666667,235.33333333333303
3765746,3770151,90,4405,4166.666666666667,238.33333333333303
3774942,3779344,90,4402,4166.666666666667,235.33333333333303
3782414,3786847,90,4433,4166.666666666667,266.33333333333303
3791613,3796045,90,4432,4166.666666666667,265.33333333333303
3799085,3803490,90,4405,4166.666666666667,238.33333333333303
3808280,3812681,90,4401,4166.666666666667,234.33333333333303
3815755,3820200,90,4445,4166.666666666667,278.33333333333303
3824950,3829382,90,4432,4166.666666666667,265.33333333333303
3832432,3836867,90,4435,4166.666666666667,268.33333333333303
3841618,3846021,90,4403,4166.666666666667,236.33333333333303
3849100,3853506,90,4406,4166.666666666667,239.33333333333303
3858293,3862695,90,4402,4166.666666666667,235.33333333333303
3865765,3870196,90,4431,4166.666666666667,264.33333333333303
3874961,3879363,90,4402,4166.666666666667,235.33333333333303
3882436,3886842,90,4406,4166.666666666667,239.33333333333303
3891631,3896034,90,4403,4166.666666666667,236.33333333333303
3899113,3903544,90,4431,4166.666666666667,264.33333333333303
3908308,3912709,90,4401,4166.666666666667,234.33333333333303
3915781,3920187,90,4406,4166.666666666667,239.33333333333303
3924976,3929379,90,4403,4166.666666666667,236.33333333333303
3932456,3936861,90,4405,4166.666666666667,238.33333333333303
3941653,3946085,90,4432,4166.666666666667,265.33333333333303
3949124,3953530,90,4406,4166.666666666667,239.33333333333303
3958320,3962721,90,4401,4166.666666666667,234.33333333333303
3965793,3970199,90,4406,4166.666666666667,239.33333333333303
3975002,3979403,90,4401,4166.666666666667,234.33333333333303
3991653,3996059,90,4406,4166.666666666667,239.33333333333303
3999144,4003545,90,4401,4166.666666666667,234.33333333333303
4008332,4012738,90,4406,4166.666666666667,239.33333333333303
4015822,4020224,90,4402,4166.666666666667,235.33333333333303
4024994,4029400,90,4406,4166.666666666667,239.33333333333303
4032487,4036888,90,4401,4166.666666666667,234.33333333333303
4041667,4046105,90,4438,4166.666666666667,271.33333333333303
4049160,4053561,90,4401,4166.666666666667,234.33333333333303
4058340,4062745,90,4405,4166.666666666667,238.33333333333303
4065837,4070269,90,4432,4166.666666666667,265.33333333333303
4075011,4079417,90,4406,4166.666666666667,239.33333333333303
4082502,4086903,90,4401,4166.666666666667,234.33333333333303
4091687,4096094,90,4407,4166.666666666667,240.33333333333303
4099175,4103577,90,4402,4166.666666666667,235.33333333333303
4108358,4112794,90,4436,4166.666666666667,269.33333333333303
4115848,4120250,90,4402,4166.666666666667,235.33333333333303
4125026,4129441,90,4415,4166.666666666667,248.33333333333303
4132519,4136930,90,4411,4166.666666666667,244.33333333333303
4141696,4146103,90,4407,4166.666666666667,240.33333333333303
4149190,4153591,90,4401,4166.666666666667,234.33333333333303
4158371,4162777,90,4406,4166.666666666667,239.33333333333303
4165867,4170269,90,4402,4166.666666666667,235.33333333333303
4175041,4179447,90,4406,4166.666666666667,239.33333333333303
4182533,4186936,90,4403,4166.666666666667,236.33333333333303
4191713,4196128,90,4415,4166.666666666667,248.33333333333303
4199206,4203617,90,4411,4166.666666666667,244.33333333333303
4208382,4212788,90,4406,4166.666666666667,239.33333333333303
4215876,4220308,90,4432,4166.666666666667,265.33333333333303
4225053,4229459,90,4406,4166.666666666667,239.33333333333303
4232546,4236949,90,4403,4166.666666666667,236.33333333333303
4241721,4246137,90,4416,4166.666666666667,249.33333333333303
4249221,4253623,90,4402,4166.666666666667,235.33333333333303
4258399,4262805,90,4406,4166.666666666667,239.33333333333303
4265889,4270317,90,4428,4166.666666666667,261.33333333333303
4275064,4279470,90,4406,4166.666666666667,239.33333333333303
4282557,4286985,90,4428,4166.666666666667,261.33333333333303
4291746,4296182,90,4436,4166.666666666667,269.33333333333303
4299234,4303638,90,4404,4166.666666666667,237.33333333333303
4308411,4312817,90,4406,4166.666666666667,239.33333333333303
4315899,4320301,90,4402,4166.666666666667,235.33333333333303
4325078,4329484,90,4406,4166.666666666667,239.33333333333303
4332570,4336972,90,4402,4166.666666666667,235.33333333333303
4341762,4346169,90,4407,4166.666666666667,240.33333333333303
4349254,4353656,90,4402,4166.666666666667,235.33333333333303
4358425,4362831,90,4406,4166.666666666667,239.33333333333303
4365921,4370323,90,4402,4166.666666666667,235.33333333333303
4375099,4379504,90,4405,4166.666666666667,238.33333333333303
4382592,4386994,90,4402,4166.666666666667,235.33333333333303
4391779,4396185,90,4406,4166.666666666667,239.33333333333303
4399260,4403672,90,4412,4166.666666666667,245.33333333333303
4408443,4412849,90,4406,4166.666666666667,239.33333333333303
4415935,4420336,90,4401,4166.666666666667,234.33333333333303
4425109,4429515,90,4406,4166.666666666667,239.33333333333303
4432601,4437003,90,4402,4166.666666666667,235.33333333333303
4441785,4446192,90,4407,4166.666666666667,240.33333333333303
4458467,4462899,90,4432,4166.666666666667,265.33333333333303
4465949,4470355,90,4406,4166.666666666667,239.33333333333303
4475136,4479538,90,4402,4166.666666666667,235.33333333333303
4482615,4487052,90,4437,4166.666666666667,270.33333333333303
4491814,4496216,90,4402,4166.666666666667,235.33333333333303
4499287,4503702,90,4415,4166.666666666667,248.33333333333303
4508480,4512881,90,4401,4166.666666666667,234.33333333333303
4515959,4520365,90,4406,4166.666666666667,239.33333333333303
4525154,4529556,90,4402,4166.666666666667,235.33333333333303
4532628,4537035,90,4407,4166.666666666667,240.33333333333303
4541832,4546234,90,4402,4166.666666666667,235.33333333333303
4558497,4562938,90,4441,4166.666666666667,274.33333333333303
4565983,4570385,90,4402,4166.666666666667,235.33333333333303
4575166,4579598,90,4432,4166.666666666667,265.33333333333303
4582664,4587066,90,4402,4166.666666666667,235.33333333333303
4591837,4596270,90,4433,4166.666666666667,266.33333333333303
4608516,4612917,90,4401,4166.666666666667,234.33333333333303
4615985,4620391,90,4406,4166.666666666667,239.33333333333303
4625196,4629599,90,4403,4166.666666666667,236.33333333333303
4632662,4637068,90,4406,4166.666666666667,239.33333333333303
4641861,4646263,90,4402,4166.666666666667,235.33333333333303
4649334,4653740,90,4406,4166.666666666667,239.33333333333303
4658530,4662931,90,4401,4166.666666666667,234.33333333333303
4666006,4670411,90,4405,4166.666666666667,238.33333333333303
4675207,4679608,90,4401,4166.666666666667,234.33333333333303
4682679,4687112,90,4433,4166.666666666667,266.33333333333303
4691879,4696312,90,4433,4166.666666666667,266.33333333333303
4699353,4703759,90,4406,4166.666666666667,239.33333333333303
4708543,4712944,90,4401,4166.666666666667,234.33333333333303
4716028,4720434,90,4406,4166.666666666667,239.33333333333303
4725218,4729620,90,4402,4166.666666666667,235.33333333333303
4732694,4737100,90,4406,4166.666666666667,239.33333333333303
4741890,4746293,90,4403,4166.666666666667,236.33333333333303
4749367,4753802,90,4435,4166.666666666667,268.33333333333303
4758558,4762960,90,4402,4166.666666666667,235.33333333333303
4766036,4770442,90,4406,4166.666666666667,239.33333333333303
4775231,4779632,90,4401,4166.666666666667,234.33333333333303
4782708,4787114,90,4406,4166.666666666667,239.33333333333303
4791914,4796347,90,4433,4166.666666666667,266.33333333333303
4799382,4803789,90,4407,4166.666666666667,240.33333333333303
4808573,4812975,90,4402,4166.666666666667,235.33333333333303
4816053,4820458,90,4405,4166.666666666667,238.33333333333303
4825245,4829656,90,4411,4166.666666666667,244.33333333333303
4832730,4837166,90,4436,4166.666666666667,269.33333333333303
4841918,4846319,90,4401,4166.666666666667,234.33333333333303
4849403,4853836,90,4433,4166.666666666667,266.33333333333303
4858597,4863028,90,4431,4166.666666666667,264.33333333333303
4866076,4870481,90,4405,4166.666666666667,238.33333333333303
4875275,4879677,90,4402,4166.666666666667,235.33333333333303
4882747,4887154,90,4407,4166.666666666667,240.33333333333303
4891939,4896341,90,4402,4166.666666666667,235.33333333333303
4899418,4903824,90,4406,4166.666666666667,239.33333333333303
4908616,4913017,90,4401,4166.666666666667,234.33333333333303
4916093,4920498,90,4405,4166.666666666667,238.33333333333303
4925286,4929688,90,4402,4166.666666666667,235.33333333333303
4932763,4937169,90,4406,4166.666666666667,239.33333333333303
4941958,4946386,90,4428,4166.666666666667,261.33333333333303
4949435,4953851,90,4416,4166.666666666667,249.33333333333303
4958633,4963035,90,4402,4166.666666666667,235.33333333333303
4966106,4970512,90,4406,4166.666666666667,239.33333333333303
4975305,4979707,90,4402,4166.666666666667,235.33333333333303
4982781,4987188,90,4407,4166.666666666667,240.33333333333303
4991979,4996382,90,4403,4166.666666666667,236.33333333333303
4999453,5003860,90,4407,4166.666666666667,240.33333333333303
5008645,5013047,90,4402,4166.666666666667,235.33333333333303
5016125,5020531,90,4406,4166.666666666667,239.33333333333303
5025320,5029722,90,4402,4166.666666666667,235.33333333333303
5032793,5037199,90,4406,4166.666666666667,239.33333333333303
5041998,5046401,90,4403,4166.666666666667,236.33333333333303
5058656,5063061,90,4405,4166.666666666667,238.33333333333303
5066154,5070581,90,4427,4166.666666666667,260.33333333333303
5075331,5079737,90,4406,4166.666666666667,239.33333333333303
5082820,5087223,90,4403,4166.666666666667,236.33333333333303
5091999,5096405,90,4406,4166.666666666667,239.33333333333303
5099492,5103895,90,4403,4166.666666666667,236.33333333333303
5108679,5113085,90,4406,4166.666666666667,239.33333333333303
5125357,5129759,90,4402,4166.666666666667,235.33333333333303
5132840,5137277,90,4437,4166.666666666667,270.33333333333303
5142028,5146430,90,4402,4166.666666666667,235.33333333333303
5149504,5153910,90,4406,4166.666666666667,239.33333333333303
5158701,5163103,90,4402,4166.666666666667,235.33333333333303
5166187,5170619,90,4432,4166.666666666667,265.33333333333303
5175372,5179775,90,4403,4166.666666666667,236.33333333333303
5182856,5187288,90,4432,4166.666666666667,265.33333333333303
5192049,5196482,90,4433,4166.666666666667,266.33333333333303
5199529,5203964,90,4435,4166.666666666667,268.33333333333303
5208715,5213117,90,4402,4166.666666666667,235.33333333333303
5216199,5220605,90,4406,4166.666666666667,239.33333333333303
5225391,5229793,90,4402,4166.666666666667,235.33333333333303
5232874,5237281,90,4407,4166.666666666667,240.33333333333303
5242063,5246466,90,4403,4166.666666666667,236.33333333333303
5249547,5253954,90,4407,4166.666666666667,240.33333333333303
5258734,5263136,90,4402,4166.666666666667,235.33333333333303
5266213,5270619,90,4406,4166.666666666667,239.33333333333303
5275409,5279811,90,4402,4166.666666666667,235.33333333333303
5282884,5287289,90,4405,4166.666666666667,238.33333333333303
5292088,5296520,90,4432,4166.666666666667,265.33333333333303
5300563,5304976,90,4413,4166.666666666667,246.33333333333303
5308755,5313166,90,4411,4166.666666666667,244.33333333333303
5316235,5320670,90,4435,4166.666666666667,268.33333333333303
5325420,5329826,90,4406,4166.666666666667,239.33333333333303
5332913,5337346,90,4433,4166.666666666667,266.33333333333303
5342096,5346505,90,4409,4166.666666666667,242.33333333333303
5349580,5353987,90,4407,4166.666666666667,240.33333333333303
5358773,5363209,90,4436,4166.666666666667,269.33333333333303
5375445,5379890,90,4445,4166.666666666667,278.33333333333303
5382932,5387338,90,4406,4166.666666666667,239.33333333333303
5392117,5396523,90,4406,4166.666666666667,239.33333333333303
5399602,5404008,90,4406,4166.666666666667,239.33333333333303
5408793,5413225,90,4432,4166.666666666667,265.33333333333303
5425461,5429867,90,4406,4166.666666666667,239.33333333333303
5432944,5437351,90,4407,4166.666666666667,240.33333333333303
5442136,5446543,90,4407,4166.666666666667,240.33333333333303
5449618,5454024,90,4406,4166.666666666667,239.33333333333303
5458817,5463223,90,4406,4166.666666666667,239.33333333333303
5466293,5470699,90,4406,4166.666666666667,239.33333333333303
5475489,5479895,90,4406,4166.666666666667,239.33333333333303
5482957,5487363,90,4406,4166.666666666667,239.33333333333303
5492162,5496568,90,4406,4166.666666666667,239.33333333333303
5499645,5504052,90,4407,4166.666666666667,240.33333333333303
5508836,5513272,90,4436,4166.666666666667,269.33333333333303
5516311,5520717,90,4406,4166.666666666667,239.33333333333303
5525508,5529914,90,4406,4166.666666666667,239.33333333333303
5532984,5537390,90,4406,4166.666666666667,239.33333333333303
5542177,5546583,90,4406,4166.666666666667,239.33333333333303
5549659,5554065,90,4406,4166.666666666667,239.33333333333303
5558857,5563264,90,4407,4166.666666666667,240.33333333333303
5566330,5570736,90,4406,4166.666666666667,239.33333333333303
5575527,5579933,90,4406,4166.666666666667,239.33333333333303
5583002,5587409,90,4407,4166.666666666667,240.33333333333303
5592194,5596599,90,4405,4166.666666666667,238.33333333333303
5599674,5604081,90,4407,4166.666666666667,240.33333333333303
5608866,5613271,90,4405,4166.666666666667,238.33333333333303
5625544,5629950,90,4406,4166.666666666667,239.33333333333303
5633035,5637443,90,4408,4166.666666666667,241.33333333333303
5642211,5646617,90,4406,4166.666666666667,239.33333333333303
5649703,5654110,90,4407,4166.666666666667,240.33333333333303
5658886,5663292,90,4406,4166.666666666667,239.33333333333303
5666381,5670787,90,4406,4166.666666666667,239.33333333333303
5675555,5679960,90,4405,4166.666666666667,238.33333333333303
5683041,5687448,90,4407,4166.666666666667,240.33333333333303
5692222,5696627,90,4405,4166.666666666667,238.33333333333303
5699718,5704125,90,4407,4166.666666666667,240.33333333333303
5708898,5713304,90,4406,4166.666666666667,239.33333333333303
5716390,5720795,90,4405,4166.666666666667,238.33333333333303
5725579,5729985,90,4406,4166.666666666667,239.33333333333303
5733064,5737470,90,4406,4166.666666666667,239.33333333333303
5742249,5746655,90,4406,4166.666666666667,239.33333333333303
5749737,5754142,90,4405,4166.666666666667,238.33333333333303
5758918,5763324,90,4406,4166.666666666667,239.33333333333303
5766413,5770827,90,4414,4166.666666666667,247.33333333333303
5775603,5780009,90,4406,4166.666666666667,239.33333333333303
5783093,5787500,90,4407,4166.666666666667,240.33333333333303
5792275,5796681,90,4406,4166.666666666667,239.33333333333303
5799762,5804168,90,4406,4166.666666666667,239.33333333333303
5808944,5813350,90,4406,4166.666666666667,239.33333333333303
5816434,5820840,90,4406,4166.666666666667,239.33333333333303
5825615,5830021,90,4406,4166.666666666667,239.33333333333303
5833105,5837513,90,4408,4166.666666666667,241.33333333333303
5842286,5846693,90,4407,4166.666666666667,240.33333333333303
5849783,5854216,90,4433,4166.666666666667,266.33333333333303
5858978,5863414,90,4436,4166.666666666667,269.33333333333303
5866454,5870860,90,4406,4166.666666666667,239.33333333333303
5875641,5880047,90,4406,4166.666666666667,239.33333333333303
5883123,5887530,90,4407,4166.666666666667,240.33333333333303
5892310,5896718,90,4408,4166.666666666667,241.33333333333303
5899800,5904205,90,4405,4166.666666666667,238.33333333333303
5908982,5913388,90,4406,4166.666666666667,239.33333333333303
5916475,5920910,90,4435,4166.666666666667,268.33333333333303
5925659,5930074,90,4415,4166.666666666667,248.33333333333303
5933147,5937554,90,4407,4166.666666666667,240.33333333333303
5942336,5946743,90,4407,4166.666666666667,240.33333333333303
5949828,5954235,90,4407,4166.666666666667,240.33333333333303
5959008,5963415,90,4407,4166.666666666667,240.33333333333303
5966499,5970931,90,4432,4166.666666666667,265.33333333333303
5975680,5980116,90,4436,4166.666666666667,269.33333333333303
5983170,5987577,90,4407,4166.666666666667,240.33333333333303
5992355,5996762,90,4407,4166.666666666667,240.33333333333303
5999841,6004256,90,4415,4166.666666666667,248.33333333333303
6009023,6013428,90,4405,4166.666666666667,238.33333333333303
6016517,6020922,90,4405,4166.666666666667,238.33333333333303
6025696,6030128,90,4432,4166.666666666667,265.33333333333303
6033188,6037593,90,4405,4166.666666666667,238.33333333333303
6042370,6046777,90,4407,4166.666666666667,240.33333333333303
6049858,6054265,90,4407,4166.666666666667,240.33333333333303
6059052,6063458,90,4406,4166.666666666667,239.33333333333303
6066536,6070951,90,4415,4166.666666666667,248.33333333333303
6075724,6080130,90,4406,4166.666666666667,239.33333333333303
6083223,6087660,90,4437,4166.666666666667,270.33333333333303
6092392,6096799,90,4407,4166.666666666667,240.33333333333303
6099885,6104290,90,4405,4166.666666666667,238.33333333333303
6109066,6113472,90,4406,4166.666666666667,239.33333333333303
6116556,6120962,90,4406,4166.666666666667,239.33333333333303
6125736,6130141,90,4405,4166.666666666667,238.33333333333303
6133231,6137665,90,4434,4166.666666666667,267.33333333333303
6142408,6146814,90,4406,4166.666666666667,239.33333333333303
6149901,6154306,90,4405,4166.666666666667,238.33333333333303
6159084,6163520,90,4436,4166.666666666667,269.33333333333303
6166571,6170977,90,4406,4166.666666666667,239.33333333333303
6175753,6180158,90,4405,4166.666666666667,238.33333333333303
6192432,6196838,90,4406,4166.666666666667,239.33333333333303
6199916,6204322,90,4406,4166.666666666667,239.33333333333303
6209104,6213510,90,4406,4166.666666666667,239.33333333333303
6216588,6220994,90,4406,4166.666666666667,239.33333333333303
6225779,6230184,90,4405,4166.666666666667,238.33333333333303
6233261,6237668,90,4407,4166.666666666667,240.33333333333303
6242465,6246901,90,4436,4166.666666666667,269.33333333333303
6249943,6254380,90,4437,4166.666666666667,270.33333333333303
6259134,6263549,90,4415,4166.666666666667,248.33333333333303
6266614,6271020,90,4406,4166.666666666667,239.33333333333303
6275816,6280252,90,4436,4166.666666666667,269.33333333333303
6283291,6287698,90,4407,4166.666666666667,240.33333333333303
6292480,6296912,90,4432,4166.666666666667,265.33333333333303
6299964,6304400,90,4436,4166.666666666667,269.33333333333303
6309151,6313556,90,4405,4166.666666666667,238.33333333333303
6316637,6321043,90,4406,4166.666666666667,239.33333333333303
6325823,6330229,90,4406,4166.666666666667,239.33333333333303
6333313,6337745,90,4432,4166.666666666667,265.33333333333303
6342496,6346902,90,4406,4166.666666666667,239.33333333333303
6349975,6354382,90,4407,4166.666666666667,240.33333333333303
6359178,6363584,90,4406,4166.666666666667,239.33333333333303
6366655,6371061,90,4406,4166.666666666667,239.33333333333303
6375853,6380259,90,4406,4166.666666666667,239.33333333333303
6383331,6387764,90,4433,4166.666666666667,266.33333333333303
6392522,6396929,90,4407,4166.666666666667,240.33333333333303
6400003,6404409,90,4406,4166.666666666667,239.33333333333303
6409198,6413603,90,4405,4166.666666666667,238.33333333333303
6416679,6421084,90,4405,4166.666666666667,238.33333333333303
6425874,6430310,90,4436,4166.666666666667,269.33333333333303
6433354,6437759,90,4405,4166.666666666667,238.33333333333303
6442541,6446947,90,4406,4166.666666666667,239.33333333333303
6450030,6454475,90,4445,4166.666666666667,278.33333333333303
6459218,6463624,90,4406,4166.666666666667,239.33333333333303
6466702,6471108,90,4406,4166.666666666667,239.33333333333303
6475890,6480297,90,4407,4166.666666666667,240.33333333333303
6483372,6487810,90,4438,4166.666666666667,271.33333333333303
6492561,6496977,90,4416,4166.666666666667,249.33333333333303
6500045,6504451,90,4406,4166.666666666667,239.33333333333303
6509244,6513680,90,4436,4166.666666666667,269.33333333333303
6516721,6521127,90,4406,4166.666666666667,239.33333333333303
6525914,6530346,90,4432,4166.666666666667,265.33333333333303
6533389,6537798,90,4409,4166.666666666667,242.33333333333303
6542591,6546998,90,4407,4166.666666666667,240.33333333333303
6550065,6554471,90,4406,4166.666666666667,239.33333333333303
6559259,6563666,90,4407,4166.666666666667,240.33333333333303
6566744,6571159,90,4415,4166.666666666667,248.33333333333303
6575933,6580339,90,4406,4166.666666666667,239.33333333333303
6583425,6587838,90,4413,4166.666666666667,246.33333333333303
6592607,6597014,90,4407,4166.666666666667,240.33333333333303
6600098,6604506,90,4408,4166.666666666667,241.33333333333303
6609276,6613683,90,4407,4166.666666666667,240.33333333333303
6616768,6621174,90,4406,4166.666666666667,239.33333333333303
6625952,6630358,90,4406,4166.666666666667,239.33333333333303
6633438,6637848,90,4410,4166.666666666667,243.33333333333303
6642627,6647033,90,4406,4166.666666666667,239.33333333333303
6650112,6654519,90,4407,4166.666666666667,240.33333333333303
6659300,6663705,90,4405,4166.666666666667,238.33333333333303
6666783,6671189,90,4406,4166.666666666667,239.33333333333303
6675975,6680381,90,4406,4166.666666666667,239.33333333333303
6683459,6687869,90,4410,4166.666666666667,243.33333333333303
6692653,6697060,90,4407,4166.666666666667,240.33333333333303
6709317,6713723,90,4406,4166.666666666667,239.33333333333303
6716814,6721220,90,4406,4166.666666666667,239.33333333333303
6725996,6730401,90,4405,4166.666666666667,238.33333333333303
6733485,6737893,90,4408,4166.666666666667,241.33333333333303
6742668,6747073,90,4405,4166.666666666667,238.33333333333303
6750158,6754590,90,4432,4166.666666666667,265.33333333333303
6759344,6763750,90,4406,4166.666666666667,239.33333333333303
6766834,6771240,90,4406,4166.666666666667,239.33333333333303
6776016,6780422,90,4406,4166.666666666667,239.33333333333303
6783509,6787919,90,4410,4166.666666666667,243.33333333333303
6792691,6797097,90,4406,4166.666666666667,239.33333333333303
6800185,6804592,90,4407,4166.666666666667,240.33333333333303
6809366,6813772,90,4406,4166.666666666667,239.33333333333303
6816863,6821294,90,4431,4166.666666666667,264.33333333333303
6826037,6830443,90,4406,4166.666666666667,239.33333333333303
6833528,6837940,90,4412,4166.666666666667,245.33333333333303
6842723,6847129,90,4406,4166.666666666667,239.33333333333303
6850214,6854620,90,4406,4166.666666666667,239.33333333333303
6859394,6863801,90,4407,4166.666666666667,240.33333333333303
6866882,6871288,90,4406,4166.666666666667,239.33333333333303
6876066,6880472,90,4406,4166.666666666667,239.33333333333303
6883557,6887964,90,4407,4166.666666666667,240.33333333333303
6892736,6897142,90,4406,4166.666666666667,239.33333333333303
6900236,6904642,90,4406,4166.666666666667,239.33333333333303
6909418,6913855,90,4437,4166.666666666667,270.33333333333303
6916906,6921311,90,4405,4166.666666666667,238.33333333333303
6926085,6930491,90,4406,4166.666666666667,239.33333333333303
6933582,6938023,90,4441,4166.666666666667,274.33333333333303
6942760,6947167,90,4407,4166.666666666667,240.33333333333303
6950252,6954658,90,4406,4166.666666666667,239.33333333333303
6959435,6963842,90,4407,4166.666666666667,240.33333333333303
6966925,6971330,90,4405,4166.666666666667,238.33333333333303
6976111,6980517,90,4406,4166.666666666667,239.33333333333303
6983600,6988012,90,4412,4166.666666666667,245.33333333333303
6992790,6997225,90,4435,4166.666666666667,268.33333333333303
7009461,7013868,90,4407,4166.666666666667,240.33333333333303
7016949,7021354,90,4405,4166.666666666667,238.33333333333303
7026138,7030544,90,4406,4166.666666666667,239.33333333333303
7033621,7038033,90,4412,4166.666666666667,245.33333333333303
7042822,7047228,90,4406,4166.666666666667,239.33333333333303
7050298,7054705,90,4407,4166.666666666667,240.33333333333303
7059490,7063896,90,4406,4166.666666666667,239.33333333333303
7066970,7071384,90,4414,4166.666666666667,247.33333333333303
7076157,7080563,90,4406,4166.666666666667,239.33333333333303
7083653,7088059,90,4406,4166.666666666667,239.33333333333303
7092831,7097238,90,4407,4166.666666666667,240.33333333333303
7100318,7104724,90,4406,4166.666666666667,239.33333333333303
7109509,7113916,90,4407,4166.666666666667,240.33333333333303
7116988,7121394,90,4406,4166.666666666667,239.33333333333303
7126180,7130586,90,4406,4166.666666666667,239.33333333333303
7133670,7138075,90,4405,4166.666666666667,238.33333333333303
7142853,7147260,90,4407,4166.666666666667,240.33333333333303
7150337,7154743,90,4406,4166.666666666667,239.33333333333303
7159536,7163943,90,4407,4166.666666666667,240.33333333333303
7167018,7171424,90,4406,4166.666666666667,239.33333333333303
7176206,7180612,90,4406,4166.666666666667,239.33333333333303
7183693,7188099,90,4406,4166.666666666667,239.33333333333303
7192878,7197284,90,4406,4166.666666666667,239.33333333333303
7200364,7204795,90,4431,4166.666666666667,264.33333333333303
7209555,7213961,90,4406,4166.666666666667,239.33333333333303
7217037,7221443,90,4406,4166.666666666667,239.33333333333303
7226231,7230636,90,4405,4166.666666666667,238.33333333333303
7233717,7238123,90,4406,4166.666666666667,239.33333333333303
7242905,7247311,90,4406,4166.666666666667,239.33333333333303
7250389,7254795,90,4406,4166.666666666667,239.33333333333303
7259575,7263981,90,4406,4166.666666666667,239.33333333333303
7267064,7271470,90,4406,4166.666666666667,239.33333333333303
7276255,7280670,90,4415,4166.666666666667,248.33333333333303
7283743,7288174,90,4431,4166.666666666667,264.33333333333303
7292930,7297336,90,4406,4166.666666666667,239.33333333333303
7300413,7304820,90,4407,4166.666666666667,240.33333333333303
7309601,7314007,90,4406,4166.666666666667,239.33333333333303
7317089,7321521,90,4432,4166.666666666667,265.33333333333303
7326283,7330689,90,4406,4166.666666666667,239.33333333333303
7333764,7338179,90,4415,4166.666666666667,248.33333333333303
7342952,7347359,90,4407,4166.666666666667,240.33333333333303
7350442,7354849,90,4407,4166.666666666667,240.33333333333303
7359630,7364037,90,4407,4166.666666666667,240.33333333333303
7367110,7371516,90,4406,4166.666666666667,239.33333333333303
7376298,7380703,90,4405,4166.666666666667,238.33333333333303
7383790,7388222,90,4432,4166.666666666667,265.33333333333303
7392974,7397381,90,4407,4166.666666666667,240.33333333333303
7409648,7414055,90,4407,4166.666666666667,240.33333333333303
7417141,7421547,90,4406,4166.666666666667,239.33333333333303
7426317,7430722,90,4405,4166.666666666667,238.33333333333303
7433809,7438214,90,4405,4166.666666666667,238.33333333333303
7442993,7447400,90,4407,4166.666666666667,240.33333333333303
7450486,7454893,90,4407,4166.666666666667,240.33333333333303
7459680,7464087,90,4407,4166.666666666667,240.33333333333303
7467162,7471568,90,4406,4166.666666666667,239.33333333333303
7476347,7480753,90,4406,4166.666666666667,239.33333333333303
7483835,7488240,90,4405,4166.666666666667,238.33333333333303
7493020,7497427,90,4407,4166.666666666667,240.33333333333303
7500514,7504921,90,4407,4166.666666666667,240.33333333333303
7509701,7514133,90,4432,4166.666666666667,265.33333333333303
7517185,7521591,90,4406,4166.666666666667,239.33333333333303
7526371,7530786,90,4415,4166.666666666667,248.33333333333303
7533852,7538258,90,4406,4166.666666666667,239.33333333333303
7543037,7547443,90,4406,4166.666666666667,239.33333333333303
7550532,7554939,90,4407,4166.666666666667,240.33333333333303
7559721,7564127,90,4406,4166.666666666667,239.33333333333303
7567204,7571640,90,4436,4166.666666666667,269.33333333333303
7576386,7580791,90,4405,4166.666666666667,238.33333333333303
7583880,7588286,90,4406,4166.666666666667,239.33333333333303
7593067,7597504,90,4437,4166.666666666667,270.33333333333303
7600553,7604959,90,4406,4166.666666666667,239.33333333333303
7609742,7614149,90,4407,4166.666666666667,240.33333333333303
7626427,7630833,90,4406,4166.666666666667,239.33333333333303
7633899,7638305,90,4406,4166.666666666667,239.33333333333303
7643097,7647505,90,4408,4166.666666666667,241.33333333333303
7650573,7654979,90,4406,4166.666666666667,239.33333333333303
7659765,7664171,90,4406,4166.666666666667,239.33333333333303
7667256,7671663,90,4407,4166.666666666667,240.33333333333303
7676444,7680850,90,4406,4166.666666666667,239.33333333333303
7683929,7688335,90,4406,4166.666666666667,239.33333333333303
7693119,7697556,90,4437,4166.666666666667,270.33333333333303
7700603,7705039,90,4436,4166.666666666667,269.33333333333303
7709790,7714196,90,4406,4166.666666666667,239.33333333333303
7717272,7721686,90,4414,4166.666666666667,247.33333333333303
7726467,7730873,90,4406,4166.666666666667,239.33333333333303
7733951,7738357,90,4406,4166.666666666667,239.33333333333303
7743140,7747548,90,4408,4166.666666666667,241.33333333333303
7750625,7755032,90,4407,4166.666666666667,240.33333333333303
7759814,7764221,90,4407,4166.666666666667,240.33333333333303
7767300,7771732,90,4432,4166.666666666667,265.33333333333303
7776494,7780900,90,4406,4166.666666666667,239.33333333333303
7783986,7788392,90,4406,4166.666666666667,239.33333333333303
7793164,7797570,90,4406,4166.666666666667,239.33333333333303
7800645,7805087,90,4442,4166.666666666667,275.33333333333303
7809841,7814247,90,4406,4166.666666666667,239.33333333333303
7817322,7821727,90,4405,4166.666666666667,238.33333333333303
7826522,7830928,90,4406,4166.666666666667,239.33333333333303
7834000,7838406,90,4406,4166.666666666667,239.33333333333303
7843193,7847600,90,4407,4166.666666666667,240.33333333333303
7850673,7855088,90,4415,4166.666666666667,248.33333333333303
7859871,7864277,90,4406,4166.666666666667,239.33333333333303
7867351,7871757,90,4406,4166.666666666667,239.33333333333303
7876540,7880976,90,4436,4166.666666666667,269.33333333333303
7884025,7888431,90,4406,4166.666666666667,239.33333333333303
7893239,7897650,90,4411,4166.666666666667,244.33333333333303
7900712,7905155,90,4443,4166.666666666667,276.33333333333303
7909887,7914323,90,4436,4166.666666666667,269.33333333333303
7917377,7921784,90,4407,4166.666666666667,240.33333333333303
7926560,7930975,90,4415,4166.666666666667,248.33333333333303
7934040,7938448,90,4408,4166.666666666667,241.33333333333303
7943246,7947652,90,4406,4166.666666666667,239.33333333333303
7950722,7955129,90,4407,4166.666666666667,240.33333333333303
7959913,7964319,90,4406,4166.666666666667,239.33333333333303
7967408,7971814,90,4406,4166.666666666667,239.33333333333303
7976590,7980996,90,4406,4166.666666666667,239.33333333333303
7984080,7988486,90,4406,4166.666666666667,239.33333333333303
7993260,7997666,90,4406,4166.666666666667,239.33333333333303
8000748,8005155,90,4407,4166.666666666667,240.33333333333303
8009937,8014343,90,4406,4166.666666666667,239.33333333333303
8017420,8021857,90,4437,4166.666666666667,270.33333333333303
8026607,8031014,90,4407,4166.666666666667,240.33333333333303
8034091,8038496,90,4405,4166.666666666667,238.33333333333303
8043283,8047698,90,4415,4166.666666666667,248.33333333333303
8059957,8064388,90,4431,4166.666666666667,264.33333333333303
8067449,8071855,90,4406,4166.666666666667,239.33333333333303
8076629,8081035,90,4406,4166.666666666667,239.33333333333303
8084125,8088531,90,4406,4166.666666666667,239.33333333333303
8093305,8097711,90,4406,4166.666666666667,239.33333333333303
8100799,8105236,90,4437,4166.666666666667,270.33333333333303
8109980,8114386,90,4406,4166.666666666667,239.33333333333303
8117472,8121877,90,4405,4166.666666666667,238.33333333333303
8126660,8131066,90,4406,4166.666666666667,239.33333333333303
8134155,8138561,90,4406,4166.666666666667,239.33333333333303
8143331,8147738,90,4407,4166.666666666667,240.33333333333303
8150824,8155230,90,4406,4166.666666666667,239.33333333333303
8160011,8164419,90,4408,4166.666666666667,241.33333333333303
8167502,8171907,90,4405,4166.666666666667,238.33333333333303
8176681,8181087,90,4406,4166.666666666667,239.33333333333303
8184174,8188579,90,4405,4166.666666666667,238.33333333333303
8193359,8197764,90,4405,4166.666666666667,238.33333333333303
8200849,8205281,90,4432,4166.666666666667,265.33333333333303
8210035,8214442,90,4407,4166.666666666667,240.33333333333303
8217528,8221934,90,4406,4166.666666666667,239.33333333333303
8226709,8231115,90,4406,4166.666666666667,239.33333333333303
8234198,8238604,90,4406,4166.666666666667,239.33333333333303
8243382,8247789,90,4407,4166.666666666667,240.33333333333303
8250875,8255281,90,4406,4166.666666666667,239.33333333333303
8260058,8264465,90,4407,4166.666666666667,240.33333333333303
8267555,8271987,90,4432,4166.666666666667,265.33333333333303
8276729,8281143,90,4414,4166.666666666667,247.33333333333303
8284238,8288670,90,4432,4166.666666666667,265.33333333333303
8293413,8297852,90,4439,4166.666666666667,272.33333333333303
8300898,8305305,90,4407,4166.666666666667,240.33333333333303
8310091,8314497,90,4406,4166.666666666667,239.33333333333303
8317588,8321994,90,4406,4166.666666666667,239.33333333333303
8326757,8331163,90,4406,4166.666666666667,239.33333333333303
8334253,8338659,90,4406,4166.666666666667,239.33333333333303
8343433,8347869,90,4436,4166.666666666667,269.33333333333303
8350923,8355329,90,4406,4166.666666666667,239.33333333333303
8360111,8364543,90,4432,4166.666666666667,265.33333333333303
8367600,8372007,90,4407,4166.666666666667,240.33333333333303
8376787,8381194,90,4407,4166.666666666667,240.33333333333303
8384275,8388711,90,4436,4166.666666666667,269.33333333333303
8393458,8397869,90,4411,4166.666666666667,244.33333333333303
8400948,8405353,90,4405,4166.666666666667,238.33333333333303
8410127,8414534,90,4407,4166.666666666667,240.33333333333303
8417627,8422058,90,4431,4166.666666666667,264.33333333333303
8426809,8431215,90,4406,4166.666666666667,239.33333333333303
8434294,8438699,90,4405,4166.666666666667,238.33333333333303
8443483,8447893,90,4410,4166.666666666667,243.33333333333303
8450969,8455375,90,4406,4166.666666666667,239.33333333333303
8460159,8464565,90,4406,4166.666666666667,239.33333333333303
8467648,8472054,90,4406,4166.666666666667,239.33333333333303
8476832,8481238,90,4406,4166.666666666667,239.33333333333303
8484313,8488719,90,4406,4166.666666666667,239.33333333333303
8493515,8497927,90,4412,4166.666666666667,245.33333333333303
8500991,8505397,90,4406,4166.666666666667,239.33333333333303
8510185,8514592,90,4407,4166.666666666667,240.33333333333303
8517664,8522069,90,4405,4166.666666666667,238.33333333333303
8526854,8531259,90,4405,4166.666666666667,238.33333333333303
8543535,8547944,90,4409,4166.666666666667,242.33333333333303
8551026,8555432,90,4406,4166.666666666667,239.33333333333303
8560214,8564619,90,4405,4166.666666666667,238.33333333333303
8567693,8572099,90,4406,4166.666666666667,239.33333333333303
8576882,8581288,90,4406,4166.666666666667,239.33333333333303
8584369,8588805,90,4436,4166.666666666667,269.33333333333303
8593558,8597970,90,4412,4166.666666666667,245.33333333333303
8601043,8605449,90,4406,4166.666666666667,239.33333333333303
8610235,8614651,90,4416,4166.666666666667,249.33333333333303
8617717,8622123,90,4406,4166.666666666667,239.33333333333303
8626913,8631319,90,4406,4166.666666666667,239.33333333333303
8634393,8638799,90,4406,4166.666666666667,239.33333333333303
8643587,8647997,90,4410,4166.666666666667,243.33333333333303
8651068,8655474,90,4406,4166.666666666667,239.33333333333303
8660261,8664667,90,4406,4166.666666666667,239.33333333333303
8667751,8672157,90,4406,4166.666666666667,239.33333333333303
8676934,8681340,90,4406,4166.666666666667,239.33333333333303
8684422,8688828,90,4406,4166.666666666667,239.33333333333303
8693610,8698021,90,4411,4166.666666666667,244.33333333333303
8701099,8705531,90,4432,4166.666666666667,265.33333333333303
8710288,8714704,90,4416,4166.666666666667,249.33333333333303
8717770,8722176,90,4406,4166.666666666667,239.33333333333303
8726968,8731374,90,4406,4166.666666666667,239.33333333333303
8734443,8738874,90,4431,4166.666666666667,264.33333333333303
8743644,8748080,90,4436,4166.666666666667,269.33333333333303
8751122,8755558,90,4436,4166.666666666667,269.33333333333303
8760311,8764717,90,4406,4166.666666666667,239.33333333333303
8767803,8772209,90,4406,4166.666666666667,239.33333333333303
8776987,8781394,90,4407,4166.666666666667,240.33333333333303
8784474,8788880,90,4406,4166.666666666667,239.33333333333303
8793665,8798101,90,4436,4166.666666666667,269.33333333333303
8801144,8805550,90,4406,4166.666666666667,239.33333333333303
8810337,8814771,90,4434,4166.666666666667,267.33333333333303
8817832,8822268,90,4436,4166.666666666667,269.33333333333303
8827009,8831415,90,4406,4166.666666666667,239.33333333333303
8834495,8838901,90,4406,4166.666666666667,239.33333333333303
8843687,8848093,90,4406,4166.666666666667,239.33333333333303
8851170,8855576,90,4406,4166.666666666667,239.33333333333303
8860363,8864798,90,4435,4166.666666666667,268.33333333333303
8867847,8872292,90,4445,4166.666666666667,278.33333333333303
8877038,8881444,90,4406,4166.666666666667,239.33333333333303
8884521,8888926,90,4405,4166.666666666667,238.33333333333303
8893712,8898118,90,4406,4166.666666666667,239.33333333333303
8910383,8914789,90,4406,4166.666666666667,239.33333333333303
8917881,8922287,90,4406,4166.666666666667,239.33333333333303
8927063,8931469,90,4406,4166.666666666667,239.33333333333303
8934554,8938959,90,4405,4166.666666666667,238.33333333333303
8943737,8948143,90,4406,4166.666666666667,239.33333333333303
8951228,8955636,90,4408,4166.666666666667,241.33333333333303
8960408,8964824,90,4416,4166.666666666667,249.33333333333303
8967900,8972305,90,4405,4166.666666666667,238.33333333333303
8977085,8981492,90,4407,4166.666666666667,240.33333333333303
8984582,8988988,90,4406,4166.666666666667,239.33333333333303
8993766,8998199,90,4433,4166.666666666667,266.33333333333303
9001252,9005659,90,4407,4166.666666666667,240.33333333333303
9010440,9014847,90,4407,4166.666666666667,240.33333333333303
9017929,9022335,90,4406,4166.666666666667,239.33333333333303
9027111,9031526,90,4415,4166.666666666667,248.33333333333303
9034595,9039001,90,4406,4166.666666666667,239.33333333333303
9043781,9048187,90,4406,4166.666666666667,239.33333333333303
9060463,9064869,90,4406,4166.666666666667,239.33333333333303
9067943,9072349,90,4406,4166.666666666667,239.33333333333303
9077148,9081554,90,4406,4166.666666666667,239.33333333333303
9084621,9089027,90,4406,4166.666666666667,239.33333333333303
9093828,9098234,90,4406,4166.666666666667,239.33333333333303
9101299,9105705,90,4406,4166.666666666667,239.33333333333303
9110494,9114901,90,4407,4166.666666666667,240.33333333333303
9117970,9122375,90,4405,4166.666666666667,238.33333333333303
9127165,9131570,90,4405,4166.666666666667,238.33333333333303
9134653,9139059,90,4406,4166.666666666667,239.33333333333303
9143838,9148244,90,4406,4166.666666666667,239.33333333333303
9151326,9155733,90,4407,4166.666666666667,240.33333333333303
9160513,9164918,90,4405,4166.666666666667,238.33333333333303
9167998,9172404,90,4406,4166.666666666667,239.33333333333303
9177195,9181601,90,4406,4166.666666666667,239.33333333333303
9184674,9189080,90,4406,4166.666666666667,239.33333333333303
9193867,9198273,90,4406,4166.666666666667,239.33333333333303
9201351,9205758,90,4407,4166.666666666667,240.33333333333303
9210537,9214943,90,4406,4166.666666666667,239.33333333333303
9218024,9222430,90,4406,4166.666666666667,239.33333333333303
9227221,9231628,90,4407,4166.666666666667,240.33333333333303
9234697,9239129,90,4432,4166.666666666667,265.33333333333303
9243888,9248294,90,4406,4166.666666666667,239.33333333333303
9251376,9255782,90,4406,4166.666666666667,239.33333333333303
9260564,9264971,90,4407,4166.666666666667,240.33333333333303
9268048,9272454,90,4406,4166.666666666667,239.33333333333303
9277241,9281647,90,4406,4166.666666666667,239.33333333333303
9284722,9289127,90,4405,4166.666666666667,238.33333333333303
9293917,9298332,90,4415,4166.666666666667,248.33333333333303
9301400,9305833,90,4433,4166.666666666667,266.33333333333303
9310593,9314999,90,4406,4166.666666666667,239.33333333333303
9318074,9322480,90,4406,4166.666666666667,239.33333333333303
9327264,9331670,90,4406,4166.666666666667,239.33333333333303
9334750,9339182,90,4432,4166.666666666667,265.33333333333303
9343945,9348351,90,4406,4166.666666666667,239.33333333333303
9351420,9355827,90,4407,4166.666666666667,240.33333333333303
9360623,9365060,90,4437,4166.666666666667,270.33333333333303
9368098,9372504,90,4406,4166.666666666667,239.33333333333303
9377293,9381699,90,4406,4166.666666666667,239.33333333333303
9384773,9389179,90,4406,4166.666666666667,239.33333333333303
9393966,9398372,90,4406,4166.666666666667,239.33333333333303
9401445,9405882,90,4437,4166.666666666667,270.33333333333303
9410643,9415079,90,4436,4166.666666666667,269.33333333333303
9418125,9422532,90,4407,4166.666666666667,240.33333333333303
9427312,9431717,90,4405,4166.666666666667,238.33333333333303
9434797,9439203,90,4406,4166.666666666667,239.33333333333303
9443988,9448393,90,4405,4166.666666666667,238.33333333333303
9451474,9455911,90,4437,4166.666666666667,270.33333333333303
9460669,9465106,90,4437,4166.666666666667,270.33333333333303
9468144,9472550,90,4406,4166.666666666667,239.33333333333303
9477343,9481775,90,4432,4166.666666666667,265.33333333333303
9484827,9489233,90,4406,4166.666666666667,239.33333333333303
9494015,9498422,90,4407,4166.666666666667,240.33333333333303
9501500,9505906,90,4406,4166.666666666667,239.33333333333303
9510693,9515100,90,4407,4166.666666666667,240.33333333333303
9518173,9522579,90,4406,4166.666666666667,239.33333333333303
9527367,9531774,90,4407,4166.666666666667,240.33333333333303
9544034,9548441,90,4407,4166.666666666667,240.33333333333303
9551525,9555931,90,4406,4166.666666666667,239.33333333333303
9560714,9565119,90,4405,4166.666666666667,238.33333333333303
9568201,9572606,90,4405,4166.666666666667,238.33333333333303
9577387,9581793,90,4406,4166.666666666667,239.33333333333303
9584876,9589282,90,4406,4166.666666666667,239.33333333333303
9594060,9598466,90,4406,4166.666666666667,239.33333333333303
9601551,9605957,90,4406,4166.666666666667,239.33333333333303
9610742,9615149,90,4407,4166.666666666667,240.33333333333303
9618234,9622640,90,4406,4166.666666666667,239.33333333333303
9627411,9631817,90,4406,4166.666666666667,239.33333333333303
9644095,9648526,90,4431,4166.666666666667,264.33333333333303
9651569,9655975,90,4406,4166.666666666667,239.33333333333303
9660765,9665170,90,4405,4166.666666666667,238.33333333333303
9668251,9672657,90,4406,4166.666666666667,239.33333333333303
9677450,9681856,90,4406,4166.666666666667,239.33333333333303
9684923,9689329,90,4406,4166.666666666667,239.33333333333303
9694123,9698529,90,4406,4166.666666666667,239.33333333333303
9701600,9706006,90,4406,4166.666666666667,239.33333333333303
9710796,9715203,90,4407,4166.666666666667,240.33333333333303
9718277,9722722,90,4445,4166.666666666667,278.33333333333303
9727467,9731873,90,4406,4166.666666666667,239.33333333333303
9734946,9739351,90,4405,4166.666666666667,238.33333333333303
9744142,9748548,90,4406,4166.666666666667,239.33333333333303
9751623,9756029,90,4406,4166.666666666667,239.33333333333303
9760819,9765234,90,4415,4166.666666666667,248.33333333333303
9768303,9772709,90,4406,4166.666666666667,239.33333333333303
9777496,9781902,90,4406,4166.666666666667,239.33333333333303
9784986,9789392,90,4406,4166.666666666667,239.33333333333303
9794170,9798576,90,4406,4166.666666666667,239.33333333333303
9801656,9806088,90,4432,4166.666666666667,265.33333333333303
9810842,9815248,90,4406,4166.666666666667,239.33333333333303
9818324,9822729,90,4405,4166.666666666667,238.33333333333303
9827523,9831929,90,4406,4166.666666666667,239.33333333333303
9834996,9839401,90,4405,4166.666666666667,238.33333333333303
9844198,9848604,90,4406,4166.666666666667,239.33333333333303
9851673,9856080,90,4407,4166.666666666667,240.33333333333303
9860873,9865310,90,4437,4166.666666666667,270.33333333333303
9868353,9872789,90,4436,4166.666666666667,269.33333333333303
9877549,9881955,90,4406,4166.666666666667,239.33333333333303
9885021,9889427,90,4406,4166.666666666667,239.33333333333303
9894221,9898627,90,4406,4166.666666666667,239.33333333333303
9901702,9906117,90,4415,4166.666666666667,248.33333333333303
9910897,9915333,90,4436,4166.666666666667,269.33333333333303
9918376,9922812,90,4436,4166.666666666667,269.33333333333303
9927571,9931977,90,4406,4166.666666666667,239.33333333333303
9935046,9939452,90,4406,4166.666666666667,239.33333333333303
9944245,9948651,90,4406,4166.666666666667,239.33333333333303
9951715,9956122,90,4407,4166.666666666667,240.33333333333303
9960915,9965322,90,4407,4166.666666666667,240.33333333333303
9968406,9972838,90,4432,4166.666666666667,265.33333333333303
9977592,9982027,90,4435,4166.666666666667,268.33333333333303
9985083,9989489,90,4406,4166.666666666667,239.33333333333303
9994264,9998670,90,4406,4166.666666666667,239.33333333333303
10001747,10006183,90,4436,4166.666666666667,269.33333333333303
10010940,10015347,90,4407,4166.666666666667,240.33333333333303
10018425,10022830,90,4405,4166.666666666667,238.33333333333303
10027614,10032019,90,4405,4166.666666666667,238.33333333333303
10035102,10039508,90,4406,4166.666666666667,239.33333333333303
10044292,10048698,90,4406,4166.666666666667,239.33333333333303
10051774,10056180,90,4406,4166.666666666667,239.33333333333303
10060969,10065375,90,4406,4166.666666666667,239.33333333333303
10068448,10072879,90,4431,4166.666666666667,264.33333333333303
10077647,10082052,90,4405,4166.666666666667,238.33333333333303
10094316,10098722,90,4406,4166.666666666667,239.33333333333303
10101807,10106214,90,4407,4166.666666666667,240.33333333333303
10110991,10115397,90,4406,4166.666666666667,239.33333333333303
10118482,10122918,90,4436,4166.666666666667,269.33333333333303
10127665,10132070,90,4405,4166.666666666667,238.33333333333303
10135151,10139583,90,4432,4166.666666666667,265.33333333333303
10144342,10148747,90,4405,4166.666666666667,238.33333333333303
10151834,10156240,90,4406,4166.666666666667,239.33333333333303
10161013,10165420,90,4407,4166.666666666667,240.33333333333303
10168504,10172910,90,4406,4166.666666666667,239.33333333333303
10177696,10182101,90,4405,4166.666666666667,238.33333333333303
10185174,10189580,90,4406,4166.666666666667,239.33333333333303
10194361,10198767,90,4406,4166.666666666667,239.33333333333303
10201854,10206261,90,4407,4166.666666666667,240.33333333333303
10211043,10215449,90,4406,4166.666666666667,239.33333333333303
10218525,10222931,90,4406,4166.666666666667,239.33333333333303
10227709,10232114,90,4405,4166.666666666667,238.33333333333303
10235210,10239642,90,4432,4166.666666666667,265.33333333333303
10244387,10248793,90,4406,4166.666666666667,239.33333333333303
10251881,10256288,90,4407,4166.666666666667,240.33333333333303
10261064,10265478,90,4414,4166.666666666667,247.33333333333303
10268545,10272950,90,4405,4166.666666666667,238.33333333333303
10277746,10282152,90,4406,4166.666666666667,239.33333333333303
10285227,10289641,90,4414,4166.666666666667,247.33333333333303
10294424,10298860,90,4436,4166.666666666667,269.33333333333303
10301905,10306312,90,4407,4166.666666666667,240.33333333333303
10311093,10315499,90,4406,4166.666666666667,239.33333333333303
10318577,10322983,90,4406,4166.666666666667,239.33333333333303
10327761,10332167,90,4406,4166.666666666667,239.33333333333303
10335255,10339661,90,4406,4166.666666666667,239.33333333333303
10344438,10348869,90,4431,4166.666666666667,264.33333333333303
10351929,10356336,90,4407,4166.666666666667,240.33333333333303
10361119,10365525,90,4406,4166.666666666667,239.33333333333303
10368602,10373007,90,4405,4166.666666666667,238.33333333333303
10377789,10382194,90,4405,4166.666666666667,238.33333333333303
10385280,10389716,90,4436,4166.666666666667,269.33333333333303
10394461,10398866,90,4405,4166.666666666667,238.33333333333303
10401951,10406357,90,4406,4166.666666666667,239.33333333333303
10411136,10415542,90,4406,4166.666666666667,239.33333333333303
10418622,10423054,90,4432,4166.666666666667,265.33333333333303
10427813,10432219,90,4406,4166.666666666667,239.33333333333303
10435303,10439708,90,4405,4166.666666666667,238.33333333333303
10444486,10448891,90,4405,4166.666666666667,238.33333333333303
10451977,10456382,90,4405,4166.666666666667,238.33333333333303
10461162,10465569,90,4407,4166.666666666667,240.33333333333303
10468654,10473060,90,4406,4166.666666666667,239.33333333333303
10477839,10482245,90,4406,4166.666666666667,239.33333333333303
10486297,10490710,90,4413,4166.666666666667,246.33333333333303
10494521,10498931,90,4410,4166.666666666667,243.33333333333303
10502003,10506411,90,4408,4166.666666666667,241.33333333333303
10511185,10515590,90,4405,4166.666666666667,238.33333333333303
10518679,10523085,90,4406,4166.666666666667,239.33333333333303
10527860,10532266,90,4406,4166.666666666667,239.33333333333303
10535348,10539753,90,4405,4166.666666666667,238.33333333333303
10544542,10548978,90,4436,4166.666666666667,269.33333333333303
10552025,10556430,90,4405,4166.666666666667,238.33333333333303
10561216,10565623,90,4407,4166.666666666667,240.33333333333303
10568704,10573141,90,4437,4166.666666666667,270.33333333333303
10577889,10582295,90,4406,4166.666666666667,239.33333333333303
10585376,10589782,90,4406,4166.666666666667,239.33333333333303
10594568,10598974,90,4406,4166.666666666667,239.33333333333303
10602054,10606459,90,4405,4166.666666666667,238.33333333333303
10611239,10615645,90,4406,4166.666666666667,239.33333333333303
10618730,10623136,90,4406,4166.666666666667,239.33333333333303
10627914,10632319,90,4405,4166.666666666667,238.33333333333303
10635405,10639811,90,4406,4166.666666666667,239.33333333333303
10644589,10648994,90,4405,4166.666666666667,238.33333333333303
10652082,10656513,90,4431,4166.666666666667,264.33333333333303
10661268,10665673,90,4405,4166.666666666667,238.33333333333303
10668747,10673152,90,4405,4166.666666666667,238.33333333333303
10677940,10682345,90,4405,4166.666666666667,238.33333333333303
10685419,10689833,90,4414,4166.666666666667,247.33333333333303
10694614,10699020,90,4406,4166.666666666667,239.33333333333303
10702108,10706515,90,4407,4166.666666666667,240.33333333333303
10711289,10715694,90,4405,4166.666666666667,238.33333333333303
10718780,10723186,90,4406,4166.666666666667,239.33333333333303
10727963,10732369,90,4406,4166.666666666667,239.33333333333303
10735455,10739861,90,4406,4166.666666666667,239.33333333333303
10744643,10749049,90,4406,4166.666666666667,239.33333333333303
10752131,10756537,90,4406,4166.666666666667,239.33333333333303
10761310,10765716,90,4406,4166.666666666667,239.33333333333303
10768806,10773212,90,4406,4166.666666666667,239.33333333333303
10777988,10782393,90,4405,4166.666666666667,238.33333333333303
10785478,10789884,90,4406,4166.666666666667,239.33333333333303
10794665,10799070,90,4405,4166.666666666667,238.33333333333303
10802149,10806554,90,4405,4166.666666666667,238.33333333333303
10811338,10815744,90,4406,4166.666666666667,239.33333333333303
10818825,10823230,90,4405,4166.666666666667,238.33333333333303
10828012,10832418,90,4406,4166.666666666667,239.33333333333303
10835503,10839909,90,4406,4166.666666666667,239.33333333333303
10844685,10849091,90,4406,4166.666666666667,239.33333333333303
10852176,10856582,90,4406,4166.666666666667,239.33333333333303
10861364,10865770,90,4406,4166.666666666667,239.33333333333303
10868853,10873258,90,4405,4166.666666666667,238.33333333333303
10878036,10882442,90,4406,4166.666666666667,239.33333333333303
10885527,10889932,90,4405,4166.666666666667,238.33333333333303
10894713,10899119,90,4406,4166.666666666667,239.33333333333303
10902201,10906607,90,4406,4166.666666666667,239.33333333333303
10911388,10915794,90,4406,4166.666666666667,239.33333333333303
10918877,10923282,90,4405,4166.666666666667,238.33333333333303
10928063,10932477,90,4414,4166.666666666667,247.33333333333303
10944743,10949157,90,4414,4166.666666666667,247.33333333333303
10952229,10956666,90,4437,4166.666666666667,270.33333333333303
10961414,10965821,90,4407,4166.666666666667,240.33333333333303
10968904,10973310,90,4406,4166.666666666667,239.33333333333303
10978096,10982502,90,4406,4166.666666666667,239.33333333333303
10985578,10989984,90,4406,4166.666666666667,239.33333333333303
10994774,10999180,90,4406,4166.666666666667,239.33333333333303
11002252,11006657,90,4405,4166.666666666667,238.33333333333303
11011439,11015845,90,4406,4166.666666666667,239.33333333333303
11018925,11023331,90,4406,4166.666666666667,239.33333333333303
11028123,11032558,90,4435,4166.666666666667,268.33333333333303
11035603,11040008,90,4405,4166.666666666667,238.33333333333303
11044795,11049201,90,4406,4166.666666666667,239.33333333333303
11052278,11056685,90,4407,4166.666666666667,240.33333333333303
11061478,11065885,90,4407,4166.666666666667,240.33333333333303
11068956,11073362,90,4406,4166.666666666667,239.33333333333303
11078153,11082585,90,4432,4166.666666666667,265.33333333333303
11085628,11090033,90,4405,4166.666666666667,238.33333333333303
11094821,11099227,90,4406,4166.666666666667,239.33333333333303
11102306,11106712,90,4406,4166.666666666667,239.33333333333303
11111496,11115900,90,4404,4166.666666666667,237.33333333333303
11118976,11123381,90,4405,4166.666666666667,238.33333333333303
11128171,11132577,90,4406,4166.666666666667,239.33333333333303
11135652,11140058,90,4406,4166.666666666667,239.33333333333303
11144851,11149257,90,4406,4166.666666666667,239.33333333333303
11152333,11156770,90,4437,4166.666666666667,270.33333333333303
11161529,11165936,90,4407,4166.666666666667,240.33333333333303
11169008,11173413,90,4405,4166.666666666667,238.33333333333303
11178200,11182605,90,4405,4166.666666666667,238.33333333333303
11185683,11190124,90,4441,4166.666666666667,274.33333333333303
11194877,11199283,90,4406,4166.666666666667,239.33333333333303
11202357,11206762,90,4405,4166.666666666667,238.33333333333303
11211544,11215949,90,4405,4166.666666666667,238.33333333333303
11219026,11223431,90,4405,4166.666666666667,238.33333333333303
11228225,11232631,90,4406,4166.666666666667,239.33333333333303
11235710,11240115,90,4405,4166.666666666667,238.33333333333303
11244897,11249303,90,4406,4166.666666666667,239.33333333333303
11252382,11256789,90,4407,4166.666666666667,240.33333333333303
11261573,11265978,90,4405,4166.666666666667,238.33333333333303
11269055,11273461,90,4406,4166.666666666667,239.33333333333303
11278259,11282665,90,4406,4166.666666666667,239.33333333333303
11294918,11299324,90,4406,4166.666666666667,239.33333333333303
11302409,11306815,90,4406,4166.666666666667,239.33333333333303
11311594,11316027,90,4433,4166.666666666667,266.33333333333303
11319085,11323491,90,4406,4166.666666666667,239.33333333333303
11328264,11332669,90,4405,4166.666666666667,238.33333333333303
11335760,11340165,90,4405,4166.666666666667,238.33333333333303
11344940,11349346,90,4406,4166.666666666667,239.33333333333303
11352434,11356841,90,4407,4166.666666666667,240.33333333333303
11361619,11366052,90,4433,4166.666666666667,266.33333333333303
11369105,11373511,90,4406,4166.666666666667,239.33333333333303
11378306,11382712,90,4406,4166.666666666667,239.33333333333303
11385783,11390188,90,4405,4166.666666666667,238.33333333333303
11394969,11399383,90,4414,4166.666666666667,247.33333333333303
11402459,11406864,90,4405,4166.666666666667,238.33333333333303
11411646,11416078,90,4432,4166.666666666667,265.33333333333303
11419133,11423539,90,4406,4166.666666666667,239.33333333333303
11428323,11432755,90,4432,4166.666666666667,265.33333333333303
11435817,11440223,90,4406,4166.666666666667,239.33333333333303
11444998,11449404,90,4406,4166.666666666667,239.33333333333303
11461682,11466089,90,4407,4166.666666666667,240.33333333333303
11469157,11473562,90,4405,4166.666666666667,238.33333333333303
11478357,11482763,90,4406,4166.666666666667,239.33333333333303
11485829,11490235,90,4406,4166.666666666667,239.33333333333303
11495031,11499437,90,4406,4166.666666666667,239.33333333333303
11502508,11506940,90,4432,4166.666666666667,265.33333333333303
11511702,11516108,90,4406,4166.666666666667,239.33333333333303
11519183,11523588,90,4405,4166.666666666667,238.33333333333303
11528381,11532787,90,4406,4166.666666666667,239.33333333333303
